{"Cumulative Timesteps":2000490,"Timestep Consumption Time":2.029409899999962,"Policy Reward":0.030204508933181523,"Total Iteration Time":8.747745799999961,"Timesteps Collected":100014,"PPO Batch Consumption Time":0.12777980168660483,"Value Function Loss":0.043368122850855194,"Policy Update Magnitude":0.08896846324205399,"Mean KL Divergence":0.0013302083243615925,"x_vel":15.941245835902864,"Cumulative Model Updates":68,"_step":682,"_wandb":{"runtime":1888},"SB3 Clip Fraction":0.0046766665545874275,"z_vel":16.937388748381075,"Collected Steps per Second":14886.722171780664,"Overall Steps per Second":11433.116860803208,"_timestamp":1.758108448470027e+09,"Value Function Update Magnitude":0.06727796047925949,"Timestep Collection Time":6.7183359,"Policy Entropy":0.7115255693594614,"y_vel":390.0226642319529,"_runtime":1888}