{"SB3 Clip Fraction":0.04122666517893473,"Policy Update Magnitude":0.17424197494983673,"Mean KL Divergence":0.004288023337721825,"z_vel":17.112240866458187,"_step":541,"Timesteps Collected":50024,"x_vel":-34.07723763290061,"Total Iteration Time":5.114938300000006,"Value Function Update Magnitude":0.12820212543010712,"_timestamp":1.7581071961405215e+09,"_runtime":1464,"Policy Reward":82.35458484825546,"Cumulative Timesteps":1950562,"Policy Entropy":1.0657376448313396,"Overall Steps per Second":9779.981119224829,"Timestep Consumption Time":1.1392945000000054,"Collected Steps per Second":12582.616179045013,"PPO Batch Consumption Time":0.09428771336873372,"Cumulative Model Updates":109,"Value Function Loss":1.4873578945795696,"_wandb":{"runtime":1464},"y_vel":443.6880630102179,"Timestep Collection Time":3.9756438000000003}