{"SB3 Clip Fraction":0.07393999894460042,"Cumulative Timesteps":1550520,"Overall Steps per Second":9857.335344987232,"Timesteps Collected":50006,"_runtime":1562,"_timestamp":1.7581074720265908e+09,"x_vel":-25.20580492640353,"y_vel":448.8382441314137,"z_vel":17.83986832632162,"Total Iteration Time":5.072973399999995,"_step":578,"Collected Steps per Second":12142.06630355879,"Policy Update Magnitude":0.08688437193632126,"Value Function Update Magnitude":0.07613833248615265,"_wandb":{"runtime":1562},"Value Function Loss":0.04754594713449478,"Cumulative Model Updates":84,"Mean KL Divergence":0.005173774901777506,"Timestep Collection Time":4.118409400000019,"PPO Batch Consumption Time":0.0725107192993164,"Policy Entropy":0.7712667385737101,"Timestep Consumption Time":0.9545639999999764,"Policy Reward":-0.0038921320883281915}