{"x_vel":-30.337646405966023,"_wandb":{"runtime":1274},"Cumulative Timesteps":8953272,"SB3 Clip Fraction":0.041773333524664245,"Value Function Update Magnitude":0.10623498260974884,"Policy Reward":0.018499627918789667,"Mean KL Divergence":0.003981625661253929,"Timestep Consumption Time":4.546924100000069,"Collected Steps per Second":19083.4593839356,"_runtime":1274,"Value Function Loss":0.03606430068612099,"Policy Update Magnitude":0.09806102514266968,"PPO Batch Consumption Time":1.1575790246327715,"Timesteps Collected":50050,"Cumulative Model Updates":526,"_timestamp":1.7579334135852122e+09,"y_vel":414.8463128047925,"Policy Entropy":0.8642726540565491,"z_vel":15.47230809537378,"Total Iteration Time":7.169614200000069,"_step":357,"Timestep Collection Time":2.6226901,"Overall Steps per Second":6980.8498203431245}