{"_runtime":85,"x_vel":-20.109958764248603,"Timestep Collection Time":3.9494795000000096,"Mean KL Divergence":0.002029260426449279,"y_vel":389.18797650028006,"PPO Batch Consumption Time":1.5729668935139973,"SB3 Clip Fraction":0.010120000146950284,"Timestep Consumption Time":6.515182299999992,"Cumulative Model Updates":20,"Overall Steps per Second":4777.985276122348,"_wandb":{"runtime":85},"z_vel":16.776381778769835,"Total Iteration Time":10.464661800000002,"Policy Reward":-0.002947835688715425,"Timesteps Collected":50000,"Policy Update Magnitude":0.08401307463645935,"Value Function Loss":0.030931201453010242,"_timestamp":1.7578380227237453e+09,"Value Function Update Magnitude":0.12321734428405762,"Policy Entropy":0.8172640005747477,"Cumulative Timesteps":450140,"Collected Steps per Second":12659.896069849174,"_step":16}