{"PPO Batch Consumption Time":0.08185688654581706,"Value Function Update Magnitude":0.0863015204668045,"Timesteps Collected":50018,"Policy Update Magnitude":0.08755594491958618,"Mean KL Divergence":0.001806204052021106,"_runtime":1638,"Cumulative Timesteps":1100342,"z_vel":15.777027437183138,"Policy Reward":-0.08583889072906814,"SB3 Clip Fraction":0.008653332867349187,"Cumulative Model Updates":58,"_step":606,"Overall Steps per Second":10572.691619836622,"x_vel":-41.07453738920787,"Collected Steps per Second":13345.2052244859,"_wandb":{"runtime":1638},"_timestamp":1.7581076818617852e+09,"Timestep Collection Time":3.748012799999998,"Value Function Loss":0.05670772368709246,"Policy Entropy":0.796203633149465,"Total Iteration Time":4.730867200000006,"y_vel":418.0815320672615,"Timestep Consumption Time":0.9828544000000079}